N-GRAM SIZE,N-GRAM TARGET,KERNEL,VECSIZE,C,nSV,SCORE,ITERATIONS
3,word,linear,50,0.1,5808,0.6568758344459279,2955
3,word,linear,50,1.0,5006,0.6628838451268357,2852
3,word,linear,50,10.0,4905,0.6628838451268357,3831
3,word,linear,50,100.0,4932,0.6628838451268357,4203
3,word,linear,50,1000.0,4926,0.6628838451268357,7805
3,word,linear,50,10000.0,4926,0.6628838451268357,43805
3,word,rbf,50,0.1,7000,0.5453938584779706,3500
3,word,rbf,50,1.0,6134,0.650200267022697,3113
3,word,rbf,50,10.0,5122,0.6618825100133512,2855
3,word,rbf,50,100.0,4947,0.6625500667556742,4640
3,word,rbf,50,1000.0,4934,0.6628838451268357,4910
3,word,rbf,50,10000.0,4921,0.6628838451268357,6108
3,word,poly,50,0.1,7000,0.5086782376502003,3500
3,word,poly,50,1.0,7000,0.5086782376502003,3500
3,word,poly,50,10.0,7000,0.5086782376502003,3500
3,word,poly,50,100.0,6983,0.5093457943925234,3504
3,word,poly,50,1000.0,6751,0.5730974632843792,3439
3,word,poly,50,10000.0,5829,0.6488651535380507,3008
1,pos,linear,100,0.1,2710,0.8524699599465955,19671
1,pos,linear,100,1.0,2610,0.8548064085447263,210819
1,pos,linear,100,10.0,2595,0.8564753004005341,4131840
1,pos,linear,100,100.0,2588,0.8568090787716955,10000000
1,pos,linear,100,1000.0,2773,0.8554739652870494,10000000
1,pos,linear,100,10000.0,5656,0.5807743658210948,10000000
1,pos,rbf,100,0.1,3483,0.8361148197596796,2156
1,pos,rbf,100,1.0,2749,0.8674899866488651,3247
1,pos,rbf,100,10.0,2432,0.8701602136181575,14212
1,pos,rbf,100,100.0,2292,0.8504672897196262,83993
1,pos,rbf,100,1000.0,2132,0.8331108144192256,316455
1,pos,rbf,100,10000.0,1895,0.8177570093457944,966368
1,pos,poly,100,0.1,4273,0.770694259012016,13595
1,pos,poly,100,1.0,3648,0.8024032042723631,63847
1,pos,poly,100,10.0,3191,0.8334445927903872,535132
1,pos,poly,100,100.0,2701,0.8417890520694259,3378755
1,pos,poly,100,1000.0,2281,0.8377837116154874,10000000
1,pos,poly,100,10000.0,1910,0.8237650200267023,10000000
3,pos,linear,50,0.1,2654,0.8451268357810414,10891
3,pos,linear,50,1.0,2564,0.842456608811749,69769
3,pos,linear,50,10.0,2556,0.842456608811749,857924
3,pos,linear,50,100.0,2563,0.8421228304405874,10000000
3,pos,linear,50,1000.0,2632,0.8391188251001335,10000000
3,pos,linear,50,10000.0,5461,0.4766355140186916,10000000
3,pos,rbf,50,0.1,3865,0.8427903871829105,2241
3,pos,rbf,50,1.0,2866,0.8467957276368492,2759
3,pos,rbf,50,10.0,2662,0.8554739652870494,13465
3,pos,rbf,50,100.0,2566,0.8471295060080107,84819
3,pos,rbf,50,1000.0,2464,0.8281041388518025,468165
3,pos,rbf,50,10000.0,2270,0.8130841121495327,1120598
3,pos,poly,50,0.1,6901,0.5203604806408545,3553
3,pos,poly,50,1.0,6172,0.6435246995994659,3502
3,pos,poly,50,10.0,4579,0.7720293724966623,4419
3,pos,poly,50,100.0,3362,0.8261014686248331,18542
3,pos,poly,50,1000.0,2802,0.8307743658210948,57090
3,pos,poly,50,10000.0,2510,0.815086782376502,109196
2s,pos,linear,500,0.1,2130,0.897196261682243,12669
2s,pos,linear,500,1.0,1691,0.9072096128170895,194308
2s,pos,linear,500,10.0,1491,0.9032042723631508,2784657
2s,pos,linear,500,100.0,1416,0.9022029372496663,10000000
2s,pos,linear,500,1000.0,1534,0.9022029372496663,10000000
2s,pos,linear,500,10000.0,5691,0.7626835781041389,10000000
2s,pos,rbf,500,0.1,5297,0.8014018691588785,2793
2s,pos,rbf,500,1.0,3482,0.869826435246996,2159
2s,pos,rbf,500,10.0,2370,0.8921895861148198,4341
2s,pos,rbf,500,100.0,1854,0.9072096128170895,23793
2s,pos,rbf,500,1000.0,1722,0.9012016021361816,105239
2s,pos,rbf,500,10000.0,1670,0.8808411214953271,331826
2s,pos,poly,500,0.1,7000,0.5010013351134847,3500
2s,pos,poly,500,1.0,6991,0.5043391188251002,3544
2s,pos,poly,500,10.0,6720,0.5530707610146862,3537
2s,pos,poly,500,100.0,5842,0.654539385847797,4345
2s,pos,poly,500,1000.0,4558,0.7710280373831776,6818
2s,pos,poly,500,10000.0,3396,0.8461281708945261,12053
2s,word,linear,200,0.1,4491,0.7753671562082777,3551
2s,word,linear,200,1.0,3399,0.7893858477970628,17494
2s,word,linear,200,10.0,3159,0.7900534045393859,45789
2s,word,linear,200,100.0,3170,0.7913885180240321,306049
2s,word,linear,200,1000.0,3157,0.7900534045393859,3178936
2s,word,linear,200,10000.0,3162,0.7853805073431241,10000000
2s,word,rbf,200,0.1,6986,0.5320427236315087,3494
2s,word,rbf,200,1.0,5959,0.6885847797062751,3110
2s,word,rbf,200,10.0,4459,0.7777036048064085,4283
2s,word,rbf,200,100.0,3408,0.7890520694259012,20855
2s,word,rbf,200,1000.0,3190,0.7883845126835781,91414
2s,word,rbf,200,10000.0,3212,0.7840453938584779,445264
2s,word,poly,200,0.1,7000,0.5003337783711616,3500
2s,word,poly,200,1.0,7000,0.5003337783711616,3500
2s,word,poly,200,10.0,7000,0.5003337783711616,3500
2s,word,poly,200,100.0,7000,0.5003337783711616,3503
2s,word,poly,200,1000.0,6952,0.5096795727636849,3536
2s,word,poly,200,10000.0,6509,0.5957943925233645,4114
2s,pos,linear,50,0.1,2844,0.8441255006675568,7562
2s,pos,linear,50,1.0,2734,0.8431241655540721,117241
2s,pos,linear,50,10.0,2732,0.8441255006675568,1306660
2s,pos,linear,50,100.0,2741,0.8437917222963952,10000000
2s,pos,linear,50,1000.0,2901,0.842456608811749,10000000
2s,pos,linear,50,10000.0,6353,0.4362483311081442,10000000
2s,pos,rbf,50,0.1,3929,0.8317757009345794,2262
2s,pos,rbf,50,1.0,2967,0.8568090787716955,3062
2s,pos,rbf,50,10.0,2685,0.8588117489986649,14698
2s,pos,rbf,50,100.0,2624,0.8354472630173565,72935
2s,pos,rbf,50,1000.0,2423,0.8094125500667557,256908
2s,pos,rbf,50,10000.0,2154,0.7960614152202937,640512
2s,pos,poly,50,0.1,5924,0.644192256341789,4126
2s,pos,poly,50,1.0,4769,0.7409879839786382,6214
2s,pos,poly,50,10.0,3776,0.7987316421895861,22281
2s,pos,poly,50,100.0,3047,0.8160881174899867,79700
2s,pos,poly,50,1000.0,2519,0.8147530040053405,300663
2s,pos,poly,50,10000.0,2252,0.8054072096128171,576983
2,word,linear,500,0.1,1748,0.9205607476635514,6310
2,word,linear,500,1.0,1187,0.9335781041388518,54276
2,word,linear,500,10.0,1086,0.9322429906542056,362652
2,word,linear,500,100.0,1046,0.9315754339118825,4615709
2,word,linear,500,1000.0,1024,0.9279038718291055,10000000
2,word,linear,500,10000.0,1014,0.9228971962616822,10000000
2,word,rbf,500,0.1,7000,0.5430574098798397,3500
2,word,rbf,500,1.0,4708,0.8574766355140186,2599
2,word,rbf,500,10.0,2180,0.9122162883845126,3838
2,word,rbf,500,100.0,1352,0.9325767690253671,15474
2,word,rbf,500,1000.0,1096,0.9332443257676902,94628
2,word,rbf,500,10000.0,1152,0.9265687583444593,301490
2,word,poly,500,0.1,7000,0.5003337783711616,3500
2,word,poly,500,1.0,7000,0.5003337783711616,3500
2,word,poly,500,10.0,7000,0.5003337783711616,3500
2,word,poly,500,100.0,7000,0.5003337783711616,3500
2,word,poly,500,1000.0,7000,0.5003337783711616,3500
2,word,poly,500,10000.0,6957,0.5220293724966623,3604
2s,word,linear,1000,0.1,4038,0.8341121495327103,4004
2s,word,linear,1000,1.0,2634,0.8487983978638184,25323
2s,word,linear,1000,10.0,2082,0.8534712950600801,218077
2s,word,linear,1000,100.0,1961,0.8464619492656876,2603906
2s,word,linear,1000,1000.0,1917,0.8331108144192256,10000000
2s,word,linear,1000,10000.0,1896,0.8277703604806409,10000000
2s,word,rbf,1000,0.1,7000,0.5083444592790387,3500
2s,word,rbf,1000,1.0,6826,0.5911214953271028,3438
2s,word,rbf,1000,10.0,5398,0.7813751668891856,3048
2s,word,rbf,1000,100.0,3537,0.8421228304405874,7008
2s,word,rbf,1000,1000.0,2394,0.8481308411214953,55884
2s,word,rbf,1000,10000.0,2062,0.8484646194926568,226001
2s,word,poly,1000,0.1,7000,0.5006675567423231,3500
2s,word,poly,1000,1.0,7000,0.5006675567423231,3500
2s,word,poly,1000,10.0,7000,0.5006675567423231,3500
2s,word,poly,1000,100.0,7000,0.5006675567423231,3500
2s,word,poly,1000,1000.0,7000,0.5006675567423231,3500
2s,word,poly,1000,10000.0,6999,0.5020026702269693,3501
2,word,linear,5000,0.1,2093,0.9285714285714286,4945
2,word,linear,5000,1.0,1596,0.9432576769025367,13641
2,word,linear,5000,10.0,1469,0.9332443257676902,16500
2,word,linear,5000,100.0,1474,0.9198931909212283,16764
2,word,linear,5000,1000.0,1475,0.9198931909212283,24080
2,word,linear,5000,10000.0,1477,0.9198931909212283,87407
2,word,rbf,5000,0.1,7000,0.5707610146862483,3500
2,word,rbf,5000,1.0,7000,0.5707610146862483,3500
2,word,rbf,5000,10.0,4815,0.8604806408544726,2843
2,word,rbf,5000,100.0,2536,0.9182242990654206,4252
2,word,rbf,5000,1000.0,1815,0.9445927903871829,9132
2,word,rbf,5000,10000.0,1616,0.9385847797062751,15589
2,word,poly,5000,0.1,7000,0.4993324432576769,3500
2,word,poly,5000,1.0,7000,0.4993324432576769,3500
2,word,poly,5000,10.0,7000,0.4993324432576769,3500
2,word,poly,5000,100.0,7000,0.4993324432576769,3500
2,word,poly,5000,1000.0,7000,0.4993324432576769,3500
2,word,poly,5000,10000.0,7000,0.4993324432576769,3500
2s,pos,linear,100,0.1,2395,0.8711615487316422,12518
2s,pos,linear,100,1.0,2195,0.8751668891855807,88355
2s,pos,linear,100,10.0,2164,0.8741655540720962,2068419
2s,pos,linear,100,100.0,2168,0.8748331108144193,10000000
2s,pos,linear,100,1000.0,2354,0.8765020026702269,10000000
2s,pos,linear,100,10000.0,6591,0.5897863818424566,10000000
2s,pos,rbf,100,0.1,4115,0.8427903871829105,2275
2s,pos,rbf,100,1.0,2825,0.8781708945260347,2540
2s,pos,rbf,100,10.0,2287,0.8861815754339119,9648
2s,pos,rbf,100,100.0,2207,0.8808411214953271,47148
2s,pos,rbf,100,1000.0,2074,0.8601468624833111,151303
2s,pos,rbf,100,10000.0,1877,0.8484646194926568,403223
2s,pos,poly,100,0.1,6669,0.5590787716955942,3543
2s,pos,poly,100,1.0,5733,0.6615487316421896,4284
2s,pos,poly,100,10.0,4499,0.7666889185580774,8403
2s,pos,poly,100,100.0,3401,0.8307743658210948,20350
2s,pos,poly,100,1000.0,2654,0.8531375166889186,50348
2s,pos,poly,100,10000.0,2213,0.8508010680907877,93264
2s,word,linear,100,0.1,4804,0.7286381842456608,3142
2s,word,linear,100,1.0,3974,0.7456608811748998,5642
2s,word,linear,100,10.0,3828,0.7493324432576769,20827
2s,word,linear,100,100.0,3850,0.7463284379172229,138514
2s,word,linear,100,1000.0,3837,0.7483311081441922,1372070
2s,word,linear,100,10000.0,3829,0.746995994659546,10000000
2s,word,rbf,100,0.1,6845,0.5707610146862483,3436
2s,word,rbf,100,1.0,5658,0.6905874499332443,3158
2s,word,rbf,100,10.0,4417,0.7339786381842457,4975
2s,word,rbf,100,100.0,3897,0.7436582109479306,31974
2s,word,rbf,100,1000.0,3837,0.7433244325767691,110242
2s,word,rbf,100,10000.0,3776,0.7349799732977303,464314
2s,word,poly,100,0.1,7000,0.5003337783711616,3500
2s,word,poly,100,1.0,7000,0.5003337783711616,3500
2s,word,poly,100,10.0,7000,0.5003337783711616,3500
2s,word,poly,100,100.0,6965,0.5070093457943925,3523
2s,word,poly,100,1000.0,6655,0.5704272363150867,3638
2s,word,poly,100,10000.0,5772,0.6582109479305741,4597
3,pos,linear,200,0.1,2158,0.8848464619492656,8269
3,pos,linear,200,1.0,1900,0.8855140186915887,120982
3,pos,linear,200,10.0,1859,0.8851802403204272,2024955
3,pos,linear,200,100.0,1874,0.8845126835781041,10000000
3,pos,linear,200,1000.0,1933,0.8858477970627503,10000000
3,pos,linear,200,10000.0,6202,0.5460614152202937,10000000
3,pos,rbf,200,0.1,4976,0.8397863818424566,2587
3,pos,rbf,200,1.0,2961,0.8785046728971962,2108
3,pos,rbf,200,10.0,2215,0.8881842456608812,5899
3,pos,rbf,200,100.0,2095,0.8888518024032043,29062
3,pos,rbf,200,1000.0,2155,0.8718291054739653,131374
3,pos,rbf,200,10000.0,2030,0.8578104138851802,381791
3,pos,poly,200,0.1,7000,0.5006675567423231,3500
3,pos,poly,200,1.0,6998,0.5023364485981309,3521
3,pos,poly,200,10.0,6829,0.5450600801068091,3572
3,pos,poly,200,100.0,5794,0.6899198931909212,4680
3,pos,poly,200,1000.0,4217,0.8144192256341789,6796
3,pos,poly,200,10000.0,3187,0.8571428571428571,15856
2s,word,linear,500,0.1,4179,0.8090787716955942,3870
2s,word,linear,500,1.0,2880,0.8277703604806409,27780
2s,word,linear,500,10.0,2472,0.8264352469959947,143965
2s,word,linear,500,100.0,2450,0.8281041388518025,2112989
2s,word,linear,500,1000.0,2416,0.822429906542056,10000000
2s,word,linear,500,10000.0,2401,0.8154205607476636,10000000
2s,word,rbf,500,0.1,7000,0.507343124165554,3500
2s,word,rbf,500,1.0,6501,0.6568758344459279,3302
2s,word,rbf,500,10.0,4846,0.7927236315086782,3007
2s,word,rbf,500,100.0,3291,0.8227636849132176,10070
2s,word,rbf,500,1000.0,2574,0.8334445927903872,82941
2s,word,rbf,500,10000.0,2441,0.8307743658210948,321873
2s,word,poly,500,0.1,7000,0.5003337783711616,3500
2s,word,poly,500,1.0,7000,0.5003337783711616,3500
2s,word,poly,500,10.0,7000,0.5003337783711616,3500
2s,word,poly,500,100.0,7000,0.5003337783711616,3500
2s,word,poly,500,1000.0,7000,0.5003337783711616,3500
2s,word,poly,500,10000.0,6975,0.5083444592790387,3573
1,pos,linear,500,0.1,2710,0.8524699599465955,19671
1,pos,linear,500,1.0,2610,0.8548064085447263,210819
1,pos,linear,500,10.0,2595,0.8564753004005341,4131840
1,pos,linear,500,100.0,2588,0.8568090787716955,10000000
1,pos,linear,500,1000.0,2773,0.8554739652870494,10000000
1,pos,linear,500,10000.0,5656,0.5807743658210948,10000000
1,pos,rbf,500,0.1,3483,0.8361148197596796,2156
1,pos,rbf,500,1.0,2749,0.8674899866488651,3247
1,pos,rbf,500,10.0,2432,0.8701602136181575,14212
1,pos,rbf,500,100.0,2292,0.8504672897196262,83993
1,pos,rbf,500,1000.0,2132,0.8331108144192256,316455
1,pos,rbf,500,10000.0,1895,0.8177570093457944,966368
1,pos,poly,500,0.1,4273,0.770694259012016,13595
1,pos,poly,500,1.0,3648,0.8024032042723631,63847
1,pos,poly,500,10.0,3191,0.8334445927903872,535132
1,pos,poly,500,100.0,2701,0.8417890520694259,3378755
1,pos,poly,500,1000.0,2281,0.8377837116154874,10000000
1,pos,poly,500,10000.0,1910,0.8237650200267023,10000000
2,pos,linear,50,0.1,2228,0.8711615487316422,7265
2,pos,linear,50,1.0,2130,0.8691588785046729,106114
2,pos,linear,50,10.0,2120,0.8694926568758344,1917703
2,pos,linear,50,100.0,2124,0.8691588785046729,10000000
2,pos,linear,50,1000.0,2344,0.8661548731642189,10000000
2,pos,linear,50,10000.0,6300,0.5290387182910548,10000000
2,pos,rbf,50,0.1,3494,0.8641522029372497,2066
2,pos,rbf,50,1.0,2493,0.8758344459279038,2946
2,pos,rbf,50,10.0,2257,0.8778371161548731,13196
2,pos,rbf,50,100.0,2239,0.8741655540720962,70419
2,pos,rbf,50,1000.0,2103,0.8501335113484646,210601
2,pos,rbf,50,10000.0,1861,0.8347797062750334,396170
2,pos,poly,50,0.1,5581,0.6889185580774366,3723
2,pos,poly,50,1.0,4135,0.7990654205607477,5467
2,pos,poly,50,10.0,3072,0.8471295060080107,23149
2,pos,poly,50,100.0,2498,0.8641522029372497,63608
2,pos,poly,50,1000.0,2223,0.8534712950600801,243137
2,pos,poly,50,10000.0,1980,0.8361148197596796,470524
2,pos,linear,200,0.1,1896,0.9032042723631508,10888
2,pos,linear,200,1.0,1661,0.904539385847797,191686
2,pos,linear,200,10.0,1614,0.904539385847797,2748909
2,pos,linear,200,100.0,1607,0.9052069425901201,10000000
2,pos,linear,200,1000.0,1825,0.9055407209612817,10000000
2,pos,linear,200,10000.0,6427,0.7403204272363151,10000000
2,pos,rbf,200,0.1,4174,0.8704939919893191,2283
2,pos,rbf,200,1.0,2571,0.8965287049399199,2186
2,pos,rbf,200,10.0,1938,0.9068758344459279,6606
2,pos,rbf,200,100.0,1822,0.9058744993324432,34709
2,pos,rbf,200,1000.0,1806,0.8978638184245661,123946
2,pos,rbf,200,10000.0,1696,0.8825100133511349,302466
2,pos,poly,200,0.1,6970,0.5100133511348465,3534
2,pos,poly,200,1.0,6518,0.5907877169559412,3612
2,pos,poly,200,10.0,5227,0.7283044058744993,4019
2,pos,poly,200,100.0,3751,0.8314419225634179,6831
2,pos,poly,200,1000.0,2799,0.8818424566088118,10903
2,pos,poly,200,10000.0,2251,0.8871829105473965,28437
2s,word,linear,10000,0.1,4143,0.8778371161548731,5993
2s,word,linear,10000,1.0,2932,0.8791722296395194,13685
2s,word,linear,10000,10.0,2350,0.8634846461949266,15609
2s,word,linear,10000,100.0,2273,0.8554739652870494,16325
2s,word,linear,10000,1000.0,2203,0.8397863818424566,16648
2s,word,linear,10000,10000.0,2196,0.8397863818424566,20958
2s,word,rbf,10000,0.1,7000,0.5120160213618158,3500
2s,word,rbf,10000,1.0,7000,0.5120160213618158,3500
2s,word,rbf,10000,10.0,6825,0.5987983978638184,3449
2s,word,rbf,10000,100.0,5428,0.8080774365821095,3466
2s,word,rbf,10000,1000.0,3693,0.886849132176235,8495
2s,word,rbf,10000,10000.0,2719,0.8738317757009346,16376
2s,word,poly,10000,0.1,7000,0.4993324432576769,3500
2s,word,poly,10000,1.0,7000,0.4993324432576769,3500
2s,word,poly,10000,10.0,7000,0.4993324432576769,3500
2s,word,poly,10000,100.0,7000,0.4993324432576769,3500
2s,word,poly,10000,1000.0,7000,0.4993324432576769,3500
2s,word,poly,10000,10000.0,7000,0.4993324432576769,3500
2s,pos,linear,1000,0.1,2135,0.8961949265687583,10094
2s,pos,linear,1000,1.0,1700,0.907543391188251,151062
2s,pos,linear,1000,10.0,1489,0.9012016021361816,1867992
2s,pos,linear,1000,100.0,1379,0.8961949265687583,10000000
2s,pos,linear,1000,1000.0,1437,0.8908544726301736,10000000
2s,pos,linear,1000,10000.0,5260,0.8347797062750334,10000000
2s,pos,rbf,1000,0.1,5844,0.7696929238985314,3045
2s,pos,rbf,1000,1.0,3945,0.8571428571428571,2279
2s,pos,rbf,1000,10.0,2629,0.8865153538050734,3324
2s,pos,rbf,1000,100.0,1961,0.9035380507343124,15856
2s,pos,rbf,1000,1000.0,1712,0.9025367156208278,81765
2s,pos,rbf,1000,10000.0,1630,0.8881842456608812,378738
2s,pos,poly,1000,0.1,7000,0.5010013351134847,3500
2s,pos,poly,1000,1.0,7000,0.5010013351134847,3500
2s,pos,poly,1000,10.0,6975,0.5060080106809078,3531
2s,pos,poly,1000,100.0,6643,0.5647530040053405,3571
2s,pos,poly,1000,1000.0,5681,0.6725634178905207,4168
2s,pos,poly,1000,10000.0,4400,0.7887182910547397,8190
3,word,linear,100,0.1,5686,0.6829105473965287,2940
3,word,linear,100,1.0,4605,0.6925901201602136,2869
3,word,linear,100,10.0,4455,0.6925901201602136,4991
3,word,linear,100,100.0,4483,0.6925901201602136,5602
3,word,linear,100,1000.0,4508,0.6925901201602136,12402
3,word,linear,100,10000.0,4484,0.6925901201602136,94843
3,word,rbf,100,0.1,7000,0.5457276368491322,3500
3,word,rbf,100,1.0,6513,0.6151535380507344,3281
3,word,rbf,100,10.0,5126,0.6915887850467289,2787
3,word,rbf,100,100.0,4548,0.6919225634178905,5646
3,word,rbf,100,1000.0,4528,0.6919225634178905,10207
3,word,rbf,100,10000.0,4545,0.6909212283044058,17022
3,word,poly,100,0.1,7000,0.5083444592790387,3500
3,word,poly,100,1.0,7000,0.5083444592790387,3500
3,word,poly,100,10.0,7000,0.5083444592790387,3500
3,word,poly,100,100.0,7000,0.5083444592790387,3500
3,word,poly,100,1000.0,6966,0.5123497997329773,3495
3,word,poly,100,10000.0,6564,0.592456608811749,3389
2,word,linear,200,0.1,1793,0.9132176234979973,4196
2,word,linear,200,1.0,1299,0.92456608811749,3715
2,word,linear,200,10.0,1407,0.9248998664886515,11335
2,word,linear,200,100.0,1441,0.9248998664886515,53597
2,word,linear,200,1000.0,1434,0.9248998664886515,470732
2,word,linear,200,10000.0,1404,0.9248998664886515,4712632
2,word,rbf,200,0.1,6737,0.7389853137516689,3374
2,word,rbf,200,1.0,3390,0.8768357810413885,2491
2,word,rbf,200,10.0,1751,0.9135514018691588,8929
2,word,rbf,200,100.0,1390,0.9252336448598131,51610
2,word,rbf,200,1000.0,1303,0.9265687583444593,130266
2,word,rbf,200,10000.0,1430,0.9192256341789052,477342
2,word,poly,200,0.1,7000,0.5003337783711616,3500
2,word,poly,200,1.0,7000,0.5003337783711616,3500
2,word,poly,200,10.0,7000,0.5003337783711616,3500
2,word,poly,200,100.0,6999,0.5006675567423231,3507
2,word,poly,200,1000.0,6891,0.5380507343124166,3547
2,word,poly,200,10000.0,5701,0.7950600801068091,3753
2,pos,linear,500,0.1,1868,0.9082109479305741,10942
2,pos,linear,500,1.0,1574,0.9062082777036048,130214
2,pos,linear,500,10.0,1449,0.9038718291054739,2760260
2,pos,linear,500,100.0,1395,0.9025367156208278,10000000
2,pos,linear,500,1000.0,1482,0.900200267022697,10000000
2,pos,linear,500,10000.0,5657,0.8057409879839786,10000000
2,pos,rbf,500,0.1,5031,0.8501335113484646,2643
2,pos,rbf,500,1.0,3003,0.8858477970627503,1933
2,pos,rbf,500,10.0,2070,0.9078771695594126,4343
2,pos,rbf,500,100.0,1710,0.9118825100133512,22441
2,pos,rbf,500,1000.0,1653,0.9052069425901201,98196
2,pos,rbf,500,10000.0,1629,0.8895193591455274,300416
2,pos,poly,500,0.1,7000,0.5010013351134847,3500
2,pos,poly,500,1.0,6989,0.5053404539385847,3546
2,pos,poly,500,10.0,6663,0.5710947930574098,3586
2,pos,poly,500,100.0,5529,0.7029372496662216,3849
2,pos,poly,500,1000.0,4042,0.8157543391188251,7135
2,pos,poly,500,10000.0,2981,0.87716955941255,8994
3,word,linear,5000,0.1,5639,0.7429906542056075,5100
3,word,linear,5000,1.0,3842,0.8261014686248331,11567
3,word,linear,5000,10.0,2797,0.821762349799733,13946
3,word,linear,5000,100.0,2667,0.8210947930574098,14742
3,word,linear,5000,1000.0,2654,0.821762349799733,17397
3,word,linear,5000,10000.0,2654,0.8204272363150867,49056
3,word,rbf,5000,0.1,7000,0.5497329773030708,3500
3,word,rbf,5000,1.0,7000,0.5497329773030708,3500
3,word,rbf,5000,10.0,7000,0.5497329773030708,3500
3,word,rbf,5000,100.0,6264,0.6839118825100133,4264
3,word,rbf,5000,1000.0,4564,0.8070761014686249,11564
3,word,rbf,5000,10000.0,3276,0.822429906542056,23288
3,word,poly,5000,0.1,7000,0.49966622162883845,3500
3,word,poly,5000,1.0,7000,0.49966622162883845,3500
3,word,poly,5000,10.0,7000,0.49966622162883845,3500
3,word,poly,5000,100.0,7000,0.49966622162883845,3500
3,word,poly,5000,1000.0,7000,0.49966622162883845,3500
3,word,poly,5000,10000.0,7000,0.49966622162883845,3500
3,word,linear,1000,0.1,5542,0.7219626168224299,3856
3,word,linear,1000,1.0,3841,0.8027369826435247,6677
3,word,linear,1000,10.0,3161,0.8054072096128171,9486
3,word,linear,1000,100.0,3037,0.8044058744993324,13064
3,word,linear,1000,1000.0,3012,0.804739652870494,47513
3,word,linear,1000,10000.0,3027,0.8044058744993324,376010
3,word,rbf,1000,0.1,7000,0.5460614152202937,3500
3,word,rbf,1000,1.0,7000,0.5460614152202937,3500
3,word,rbf,1000,10.0,6563,0.6238317757009346,3675
3,word,rbf,1000,100.0,4771,0.7593457943925234,4022
3,word,rbf,1000,1000.0,3394,0.8004005340453939,27403
3,word,rbf,1000,10000.0,3124,0.80173564753004,49907
3,word,poly,1000,0.1,7000,0.5033377837116155,3500
3,word,poly,1000,1.0,7000,0.5033377837116155,3500
3,word,poly,1000,10.0,7000,0.5033377837116155,3500
3,word,poly,1000,100.0,7000,0.5033377837116155,3500
3,word,poly,1000,1000.0,7000,0.5033377837116155,3500
3,word,poly,1000,10000.0,7000,0.5033377837116155,3500
2s,pos,linear,200,0.1,2189,0.8861815754339119,15156
2s,pos,linear,200,1.0,1864,0.8875166889185581,147245
2s,pos,linear,200,10.0,1790,0.8885180240320427,4308882
2s,pos,linear,200,100.0,1791,0.8865153538050734,10000000
2s,pos,linear,200,1000.0,2033,0.8885180240320427,10000000
2s,pos,linear,200,10000.0,6466,0.6882510013351135,10000000
2s,pos,rbf,200,0.1,4532,0.8371161548731643,2471
2s,pos,rbf,200,1.0,3005,0.8791722296395194,2181
2s,pos,rbf,200,10.0,2178,0.8915220293724967,6851
2s,pos,rbf,200,100.0,1965,0.8898531375166889,36506
2s,pos,rbf,200,1000.0,1886,0.8898531375166889,132714
2s,pos,rbf,200,10000.0,1741,0.8678237650200267,317828
2s,pos,poly,200,0.1,6975,0.5093457943925234,3556
2s,pos,poly,200,1.0,6608,0.5694259012016022,3551
2s,pos,poly,200,10.0,5618,0.678237650200267,4223
2s,pos,poly,200,100.0,4314,0.7883845126835781,7162
2s,pos,poly,200,1000.0,3182,0.8461281708945261,12856
2s,pos,poly,200,10000.0,2463,0.8694926568758344,32390
2,word,linear,10000,0.1,2340,0.9302403204272364,6032
2,word,linear,10000,1.0,1866,0.942256341789052,8772
2,word,linear,10000,10.0,1597,0.9269025367156208,9376
2,word,linear,10000,100.0,1520,0.9198931909212283,12009
2,word,linear,10000,1000.0,1518,0.9198931909212283,13304
2,word,linear,10000,10000.0,1515,0.9202269692923899,22332
2,word,rbf,10000,0.1,7000,0.5774365821094793,3500
2,word,rbf,10000,1.0,7000,0.5774365821094793,3500
2,word,rbf,10000,10.0,5824,0.8154205607476636,3122
2,word,rbf,10000,100.0,3123,0.9038718291054739,3526
2,word,rbf,10000,1000.0,2265,0.9399198931909212,7580
2,word,rbf,10000,10000.0,1994,0.9419225634178905,11535
2,word,poly,10000,0.1,7000,0.4993324432576769,3500
2,word,poly,10000,1.0,7000,0.4993324432576769,3500
2,word,poly,10000,10.0,7000,0.4993324432576769,3500
2,word,poly,10000,100.0,7000,0.4993324432576769,3500
2,word,poly,10000,1000.0,7000,0.4993324432576769,3500
2,word,poly,10000,10000.0,7000,0.4993324432576769,3500
1,word,linear,1000,0.1,1569,0.9435914552736983,5642
1,word,linear,1000,1.0,1096,0.9455941255006676,44546
1,word,linear,1000,10.0,908,0.9188918558077437,190294
1,word,linear,1000,100.0,853,0.9048731642189586,518858
1,word,linear,1000,1000.0,928,0.8918558077436582,5399692
1,word,linear,1000,10000.0,952,0.8858477970627503,10000000
1,word,rbf,1000,0.1,6377,0.7913885180240321,3209
1,word,rbf,1000,1.0,3839,0.8848464619492656,2109
1,word,rbf,1000,10.0,2171,0.9315754339118825,2205
1,word,rbf,1000,100.0,1390,0.9479305740987984,8354
1,word,rbf,1000,1000.0,1049,0.9389185580774366,29226
1,word,rbf,1000,10000.0,984,0.9182242990654206,76841
1,word,poly,1000,0.1,7000,0.5584112149532711,3500
1,word,poly,1000,1.0,7000,0.5584112149532711,3500
1,word,poly,1000,10.0,7000,0.5584112149532711,3500
1,word,poly,1000,100.0,6965,0.5210280373831776,3552
1,word,poly,1000,1000.0,6493,0.6018024032042724,3667
1,word,poly,1000,10000.0,5219,0.7319759679572764,4729
3,word,linear,500,0.1,5531,0.7119492656875834,3306
3,word,linear,500,1.0,3965,0.7736982643524699,4665
3,word,linear,500,10.0,3478,0.7720293724966623,7148
3,word,linear,500,100.0,3445,0.7713618157543392,9986
3,word,linear,500,1000.0,3424,0.7713618157543392,40231
3,word,linear,500,10000.0,3362,0.7713618157543392,307369
3,word,rbf,500,0.1,7000,0.5504005340453939,3500
3,word,rbf,500,1.0,7000,0.5504005340453939,3500
3,word,rbf,500,10.0,6038,0.6762349799732977,3263
3,word,rbf,500,100.0,4367,0.7690253671562083,5672
3,word,rbf,500,1000.0,3577,0.770694259012016,44150
3,word,rbf,500,10000.0,3503,0.7700267022696929,43754
3,word,poly,500,0.1,7000,0.5076769025367156,3500
3,word,poly,500,1.0,7000,0.5076769025367156,3500
3,word,poly,500,10.0,7000,0.5076769025367156,3500
3,word,poly,500,100.0,7000,0.5076769025367156,3500
3,word,poly,500,1000.0,7000,0.5076769025367156,3500
3,word,poly,500,10000.0,7000,0.5076769025367156,3500
2,word,linear,100,0.1,1758,0.9082109479305741,1252
2,word,linear,100,1.0,1378,0.9155540720961282,1564
2,word,linear,100,10.0,1476,0.9168891855807744,5104
2,word,linear,100,100.0,1609,0.9168891855807744,34148
2,word,linear,100,1000.0,1624,0.9172229639519359,328084
2,word,linear,100,10000.0,1627,0.9168891855807744,3391883
2,word,rbf,100,0.1,5804,0.8014018691588785,2991
2,word,rbf,100,1.0,2672,0.8908544726301736,3387
2,word,rbf,100,10.0,1656,0.9115487316421896,18043
2,word,rbf,100,100.0,1498,0.9172229639519359,64703
2,word,rbf,100,1000.0,1487,0.9158878504672897,185917
2,word,rbf,100,10000.0,1608,0.8978638184245661,688569
2,word,poly,100,0.1,7000,0.5003337783711616,3500
2,word,poly,100,1.0,7000,0.5003337783711616,3500
2,word,poly,100,10.0,7000,0.5003337783711616,3500
2,word,poly,100,100.0,6926,0.5216955941255007,3527
2,word,poly,100,1000.0,5977,0.7813751668891856,3552
2,word,poly,100,10000.0,3292,0.8808411214953271,4256
1,word,linear,5000,0.1,1711,0.9499332443257676,6013
1,word,linear,5000,1.0,1417,0.9445927903871829,13825
1,word,linear,5000,10.0,1319,0.9375834445927904,16233
1,word,linear,5000,100.0,1354,0.921562082777036,43621
1,word,linear,5000,1000.0,1307,0.8434579439252337,60229
1,word,linear,5000,10000.0,1288,0.832109479305741,91362
1,word,rbf,5000,0.1,7000,0.5240320427236315,3500
1,word,rbf,5000,1.0,5627,0.849799732977303,2864
1,word,rbf,5000,10.0,3211,0.8975300400534045,2039
1,word,rbf,5000,100.0,1971,0.9392523364485982,3271
1,word,rbf,5000,1000.0,1465,0.951935914552737,10663
1,word,rbf,5000,10000.0,1359,0.9385847797062751,13997
1,word,poly,5000,0.1,7000,0.5917890520694259,3500
1,word,poly,5000,1.0,7000,0.5917890520694259,3500
1,word,poly,5000,10.0,7000,0.5917890520694259,3500
1,word,poly,5000,100.0,7000,0.5917890520694259,3500
1,word,poly,5000,1000.0,7000,0.5917890520694259,3500
1,word,poly,5000,10000.0,6979,0.5183578104138852,3553
1,word,linear,500,0.1,1564,0.934913217623498,4932
1,word,linear,500,1.0,1082,0.9395861148197597,74531
1,word,linear,500,10.0,871,0.9289052069425902,477881
1,word,linear,500,100.0,824,0.9212283044058746,8750665
1,word,linear,500,1000.0,799,0.9185580774365821,10000000
1,word,linear,500,10000.0,1226,0.9175567423230975,10000000
1,word,rbf,500,0.1,5660,0.849799732977303,2887
1,word,rbf,500,1.0,3185,0.8955273698264352,1886
1,word,rbf,500,10.0,1869,0.9352469959946595,2439
1,word,rbf,500,100.0,1248,0.9402536715620827,12659
1,word,rbf,500,1000.0,1021,0.934913217623498,44759
1,word,rbf,500,10000.0,1054,0.9269025367156208,143830
1,word,poly,500,0.1,7000,0.572429906542056,3500
1,word,poly,500,1.0,7000,0.572429906542056,3500
1,word,poly,500,10.0,6978,0.5196929238985314,3539
1,word,poly,500,100.0,6584,0.5864485981308412,3574
1,word,poly,500,1000.0,5368,0.715287049399199,4139
1,word,poly,500,10000.0,3765,0.8464619492656876,5234
1,word,linear,100,0.1,1749,0.9195594125500668,6703
1,word,linear,100,1.0,1427,0.9242323097463284,85566
1,word,linear,100,10.0,1343,0.9252336448598131,643308
1,word,linear,100,100.0,1334,0.9242323097463284,7904358
1,word,linear,100,1000.0,1313,0.9125500667556742,10000000
1,word,linear,100,10000.0,3831,0.8267690253671562,10000000
1,word,rbf,100,0.1,3948,0.8765020026702269,2193
1,word,rbf,100,1.0,2297,0.9082109479305741,1833
1,word,rbf,100,10.0,1631,0.9265687583444593,5872
1,word,rbf,100,100.0,1443,0.9228971962616822,31095
1,word,rbf,100,1000.0,1402,0.9095460614152203,139245
1,word,rbf,100,10000.0,1334,0.8858477970627503,708734
1,word,poly,100,0.1,6968,0.5200267022696929,3520
1,word,poly,100,1.0,6511,0.5941255006675568,3438
1,word,poly,100,10.0,5264,0.7186248331108144,3924
1,word,poly,100,100.0,3737,0.835781041388518,5934
1,word,poly,100,1000.0,2562,0.8915220293724967,16222
1,word,poly,100,10000.0,1840,0.8958611481975968,47689
1,pos,linear,1000,0.1,2710,0.8524699599465955,19671
1,pos,linear,1000,1.0,2610,0.8548064085447263,210819
1,pos,linear,1000,10.0,2595,0.8564753004005341,4131840
1,pos,linear,1000,100.0,2588,0.8568090787716955,10000000
1,pos,linear,1000,1000.0,2773,0.8554739652870494,10000000
1,pos,linear,1000,10000.0,5656,0.5807743658210948,10000000
1,pos,rbf,1000,0.1,3483,0.8361148197596796,2156
1,pos,rbf,1000,1.0,2749,0.8674899866488651,3247
1,pos,rbf,1000,10.0,2432,0.8701602136181575,14212
1,pos,rbf,1000,100.0,2292,0.8504672897196262,83993
1,pos,rbf,1000,1000.0,2132,0.8331108144192256,316455
1,pos,rbf,1000,10000.0,1895,0.8177570093457944,966368
1,pos,poly,1000,0.1,4273,0.770694259012016,13595
1,pos,poly,1000,1.0,3648,0.8024032042723631,63847
1,pos,poly,1000,10.0,3191,0.8334445927903872,535132
1,pos,poly,1000,100.0,2701,0.8417890520694259,3378755
1,pos,poly,1000,1000.0,2281,0.8377837116154874,10000000
1,pos,poly,1000,10000.0,1910,0.8237650200267023,10000000
3,word,linear,200,0.1,5586,0.6939252336448598,3022
3,word,linear,200,1.0,4271,0.7316421895861148,3379
3,word,linear,200,10.0,4012,0.7316421895861148,5182
3,word,linear,200,100.0,4007,0.7316421895861148,6218
3,word,linear,200,1000.0,3972,0.7316421895861148,16088
3,word,linear,200,10000.0,3968,0.7316421895861148,120031
3,word,rbf,200,0.1,7000,0.5463951935914553,3500
3,word,rbf,200,1.0,6895,0.5897863818424566,3469
3,word,rbf,200,10.0,5406,0.7119492656875834,3036
3,word,rbf,200,100.0,4241,0.7306408544726302,7094
3,word,rbf,200,1000.0,4067,0.7306408544726302,17528
3,word,rbf,200,10000.0,4041,0.7306408544726302,21417
3,word,poly,200,0.1,7000,0.5203604806408545,3500
3,word,poly,200,1.0,7000,0.5203604806408545,3500
3,word,poly,200,10.0,7000,0.5203604806408545,3500
3,word,poly,200,100.0,7000,0.5203604806408545,3500
3,word,poly,200,1000.0,7000,0.5203604806408545,3500
3,word,poly,200,10000.0,6951,0.5146862483311081,3543
2,pos,linear,1000,0.1,1875,0.907543391188251,10474
2,pos,linear,1000,1.0,1586,0.9102136181575434,105975
2,pos,linear,1000,10.0,1437,0.9025367156208278,2173341
2,pos,linear,1000,100.0,1349,0.8991989319092123,10000000
2,pos,linear,1000,1000.0,1406,0.8928571428571429,10000000
2,pos,linear,1000,10000.0,5247,0.7353137516688919,10000000
2,pos,rbf,1000,0.1,5685,0.8164218958611482,2958
2,pos,rbf,1000,1.0,3457,0.8775033377837116,2044
2,pos,rbf,1000,10.0,2245,0.9065420560747663,2895
2,pos,rbf,1000,100.0,1765,0.9115487316421896,14912
2,pos,rbf,1000,1000.0,1640,0.9068758344459279,78543
2,pos,rbf,1000,10000.0,1612,0.8938584779706275,328862
2,pos,poly,1000,0.1,7000,0.5010013351134847,3500
2,pos,poly,1000,1.0,7000,0.5010013351134847,3500
2,pos,poly,1000,10.0,6976,0.5080106809078772,3537
2,pos,poly,1000,100.0,6557,0.5827770360480641,3593
2,pos,poly,1000,1000.0,5322,0.7216288384512684,3924
2,pos,poly,1000,10000.0,3851,0.8261014686248331,7402
1,pos,linear,200,0.1,2710,0.8524699599465955,19671
1,pos,linear,200,1.0,2610,0.8548064085447263,210819
1,pos,linear,200,10.0,2595,0.8564753004005341,4131840
1,pos,linear,200,100.0,2588,0.8568090787716955,10000000
1,pos,linear,200,1000.0,2773,0.8554739652870494,10000000
1,pos,linear,200,10000.0,5656,0.5807743658210948,10000000
1,pos,rbf,200,0.1,3483,0.8361148197596796,2156
1,pos,rbf,200,1.0,2749,0.8674899866488651,3247
1,pos,rbf,200,10.0,2432,0.8701602136181575,14212
1,pos,rbf,200,100.0,2292,0.8504672897196262,83993
1,pos,rbf,200,1000.0,2132,0.8331108144192256,316455
1,pos,rbf,200,10000.0,1895,0.8177570093457944,966368
1,pos,poly,200,0.1,4273,0.770694259012016,13595
1,pos,poly,200,1.0,3648,0.8024032042723631,63847
1,pos,poly,200,10.0,3191,0.8334445927903872,535132
1,pos,poly,200,100.0,2701,0.8417890520694259,3378755
1,pos,poly,200,1000.0,2281,0.8377837116154874,10000000
1,pos,poly,200,10000.0,1910,0.8237650200267023,10000000
3,word,linear,10000,0.1,5854,0.753004005340454,5578
3,word,linear,10000,1.0,4120,0.8210947930574098,15225
3,word,linear,10000,10.0,2945,0.8207610146862483,14669
3,word,linear,10000,100.0,2795,0.8200934579439252,14587
3,word,linear,10000,1000.0,2766,0.8204272363150867,13611
3,word,linear,10000,10000.0,2752,0.8204272363150867,26773
3,word,rbf,10000,0.1,7000,0.5584112149532711,3500
3,word,rbf,10000,1.0,7000,0.5584112149532711,3500
3,word,rbf,10000,10.0,7000,0.5584112149532711,3500
3,word,rbf,10000,100.0,6686,0.6305073431241656,3960
3,word,rbf,10000,1000.0,5424,0.7903871829105474,8172
3,word,rbf,10000,10000.0,4016,0.8281041388518025,19006
3,word,poly,10000,0.1,7000,0.4993324432576769,3500
3,word,poly,10000,1.0,7000,0.4993324432576769,3500
3,word,poly,10000,10.0,7000,0.4993324432576769,3500
3,word,poly,10000,100.0,7000,0.4993324432576769,3500
3,word,poly,10000,1000.0,7000,0.4993324432576769,3500
3,word,poly,10000,10000.0,7000,0.4993324432576769,3500
1,word,linear,10000,0.1,1790,0.9472630173564753,5664
1,word,linear,10000,1.0,1621,0.9465954606141522,10980
1,word,linear,10000,10.0,1571,0.9369158878504673,11882
1,word,linear,10000,100.0,1641,0.9085447263017357,20920
1,word,linear,10000,1000.0,1685,0.8314419225634179,36937
1,word,linear,10000,10000.0,1678,0.8140854472630173,51173
1,word,rbf,10000,0.1,7000,0.5226969292389854,3500
1,word,rbf,10000,1.0,6358,0.7967289719626168,3197
1,word,rbf,10000,10.0,3856,0.8878504672897196,2181
1,word,rbf,10000,100.0,2261,0.9322429906542056,2376
1,word,rbf,10000,1000.0,1688,0.9506008010680908,7684
1,word,rbf,10000,10000.0,1606,0.9449265687583445,10738
1,word,poly,10000,0.1,7000,0.6024699599465955,3500
1,word,poly,10000,1.0,7000,0.6024699599465955,3500
1,word,poly,10000,10.0,7000,0.6024699599465955,3500
1,word,poly,10000,100.0,7000,0.6024699599465955,3500
1,word,poly,10000,1000.0,7000,0.6024699599465955,3500
1,word,poly,10000,10000.0,7000,0.6024699599465955,3500
2s,word,linear,50,0.1,5204,0.684913217623498,3261
2s,word,linear,50,1.0,4739,0.6842456608811749,4104
2s,word,linear,50,10.0,4691,0.6862483311081442,23958
2s,word,linear,50,100.0,4696,0.6852469959946595,136241
2s,word,linear,50,1000.0,4706,0.6915887850467289,1350519
2s,word,linear,50,10000.0,4726,0.6795727636849133,10000000
2s,word,rbf,50,0.1,6581,0.6011348464619493,3353
2s,word,rbf,50,1.0,5496,0.6645527369826435,3482
2s,word,rbf,50,10.0,4820,0.6865821094793058,5873
2s,word,rbf,50,100.0,4612,0.6829105473965287,36086
2s,word,rbf,50,1000.0,4532,0.6769025367156208,206796
2s,word,rbf,50,10000.0,4463,0.6809078771695594,761469
2s,word,poly,50,0.1,7000,0.5003337783711616,3500
2s,word,poly,50,1.0,7000,0.5003337783711616,3500
2s,word,poly,50,10.0,6977,0.5036715620827771,3511
2s,word,poly,50,100.0,6731,0.5550734312416555,3559
2s,word,poly,50,1000.0,6009,0.6114819759679573,3929
2s,word,poly,50,10000.0,5251,0.6622162883845126,8462
2,word,linear,50,0.1,1838,0.8995327102803738,1059
2,word,linear,50,1.0,1523,0.9015353805073432,1167
2,word,linear,50,10.0,1606,0.9012016021361816,3425
2,word,linear,50,100.0,1793,0.9008678237650201,21993
2,word,linear,50,1000.0,1877,0.9008678237650201,203642
2,word,linear,50,10000.0,1823,0.9008678237650201,2001655
2,word,rbf,50,0.1,4744,0.8561415220293725,2574
2,word,rbf,50,1.0,2267,0.8965287049399199,3935
2,word,rbf,50,10.0,1689,0.8998664886515354,21831
2,word,rbf,50,100.0,1654,0.9022029372496663,75569
2,word,rbf,50,1000.0,1679,0.8968624833110814,261802
2,word,rbf,50,10000.0,1703,0.8871829105473965,1058416
2,word,poly,50,0.1,7000,0.5003337783711616,3500
2,word,poly,50,1.0,7000,0.5003337783711616,3500
2,word,poly,50,10.0,6948,0.514018691588785,3517
2,word,poly,50,100.0,6245,0.7009345794392523,3463
2,word,poly,50,1000.0,3529,0.8691588785046729,4446
2,word,poly,50,10000.0,2054,0.8955273698264352,6909
2,word,linear,1000,0.1,1782,0.9242323097463284,7215
2,word,linear,1000,1.0,1244,0.9389185580774366,25222
2,word,linear,1000,10.0,1045,0.9325767690253671,97538
2,word,linear,1000,100.0,1026,0.9242323097463284,1401799
2,word,linear,1000,1000.0,1025,0.9205607476635514,10000000
2,word,linear,1000,10000.0,873,0.8898531375166889,10000000
2,word,rbf,1000,0.1,7000,0.5504005340453939,3500
2,word,rbf,1000,1.0,5784,0.8137516688918558,3007
2,word,rbf,1000,10.0,2731,0.8995327102803738,3051
2,word,rbf,1000,100.0,1577,0.9335781041388518,10740
2,word,rbf,1000,1000.0,1182,0.9369158878504673,35969
2,word,rbf,1000,10000.0,1108,0.9285714285714286,190670
2,word,poly,1000,0.1,7000,0.5006675567423231,3500
2,word,poly,1000,1.0,7000,0.5006675567423231,3500
2,word,poly,1000,10.0,7000,0.5006675567423231,3500
2,word,poly,1000,100.0,7000,0.5006675567423231,3500
2,word,poly,1000,1000.0,7000,0.5006675567423231,3500
2,word,poly,1000,10000.0,6999,0.5043391188251002,3500
2,pos,linear,100,0.1,2009,0.8928571428571429,10445
2,pos,linear,100,1.0,1855,0.8945260347129506,186933
2,pos,linear,100,10.0,1836,0.8951935914552737,1828024
2,pos,linear,100,100.0,1832,0.8948598130841121,10000000
2,pos,linear,100,1000.0,2050,0.8951935914552737,10000000
2,pos,linear,100,10000.0,6556,0.7790387182910548,10000000
2,pos,rbf,100,0.1,3707,0.8734979973297731,2145
2,pos,rbf,100,1.0,2416,0.890520694259012,2421
2,pos,rbf,100,10.0,2025,0.9018691588785047,9371
2,pos,rbf,100,100.0,1980,0.8951935914552737,45963
2,pos,rbf,100,1000.0,1882,0.8755006675567423,148722
2,pos,rbf,100,10000.0,1715,0.8628170894526035,311252
2,pos,poly,100,0.1,6590,0.5767690253671562,3579
2,pos,poly,100,1.0,5384,0.7136181575433912,3689
2,pos,poly,100,10.0,3900,0.8200934579439252,6331
2,pos,poly,100,100.0,2860,0.8701602136181575,13091
2,pos,poly,100,1000.0,2308,0.87716955941255,34639
2,pos,poly,100,10000.0,2048,0.8648197596795728,87873
3,pos,linear,500,0.1,1983,0.9072096128170895,9969
3,pos,linear,500,1.0,1629,0.9065420560747663,151912
3,pos,linear,500,10.0,1523,0.904539385847797,1989364
3,pos,linear,500,100.0,1499,0.900200267022697,10000000
3,pos,linear,500,1000.0,1598,0.9005340453938585,10000000
3,pos,linear,500,10000.0,5907,0.6111481975967957,10000000
3,pos,rbf,500,0.1,6039,0.8010680907877169,3060
3,pos,rbf,500,1.0,3496,0.8828437917222964,2233
3,pos,rbf,500,10.0,2272,0.9062082777036048,3991
3,pos,rbf,500,100.0,1811,0.9095460614152203,19137
3,pos,rbf,500,1000.0,1830,0.9048731642189586,93351
3,pos,rbf,500,10000.0,1861,0.8935246995994659,246303
3,pos,poly,500,0.1,7000,0.5006675567423231,3500
3,pos,poly,500,1.0,7000,0.5006675567423231,3500
3,pos,poly,500,10.0,6999,0.5003337783711616,3504
3,pos,poly,500,100.0,6902,0.530373831775701,3611
3,pos,poly,500,1000.0,6131,0.6602136181575434,5019
3,pos,poly,500,10000.0,4686,0.8007343124165555,7922
1,word,linear,50,0.1,1947,0.904539385847797,5639
1,word,linear,50,1.0,1695,0.9112149532710281,105196
1,word,linear,50,10.0,1649,0.9115487316421896,735879
1,word,linear,50,100.0,1641,0.9115487316421896,7673620
1,word,linear,50,1000.0,1646,0.8651535380507344,10000000
1,word,linear,50,10000.0,4050,0.8317757009345794,10000000
1,word,rbf,50,0.1,3462,0.8781708945260347,2027
1,word,rbf,50,1.0,2211,0.9028704939919893,2041
1,word,rbf,50,10.0,1760,0.910547396528705,8654
1,word,rbf,50,100.0,1629,0.9092122830440588,49061
1,word,rbf,50,1000.0,1591,0.8885180240320427,327909
1,word,rbf,50,10000.0,1525,0.8781708945260347,1063341
1,word,poly,50,0.1,6613,0.5801068090787717,3489
1,word,poly,50,1.0,5463,0.6975967957276369,3775
1,word,poly,50,10.0,4013,0.8110814419225634,4708
1,word,poly,50,100.0,2849,0.8758344459279038,12522
1,word,poly,50,1000.0,2156,0.886849132176235,56870
1,word,poly,50,10000.0,1720,0.8734979973297731,272492
3,pos,linear,100,0.1,2366,0.8678237650200267,7025
3,pos,linear,100,1.0,2190,0.8694926568758344,89058
3,pos,linear,100,10.0,2162,0.8688251001335113,1695879
3,pos,linear,100,100.0,2170,0.8678237650200267,10000000
3,pos,linear,100,1000.0,2217,0.8694926568758344,10000000
3,pos,linear,100,10000.0,5868,0.5607476635514018,10000000
3,pos,rbf,100,0.1,4294,0.8441255006675568,2321
3,pos,rbf,100,1.0,2800,0.8681575433911882,2371
3,pos,rbf,100,10.0,2338,0.87283044058745,7396
3,pos,rbf,100,100.0,2305,0.8708277703604806,45740
3,pos,rbf,100,1000.0,2234,0.8514686248331108,193034
3,pos,rbf,100,10000.0,2055,0.835781041388518,603427
3,pos,poly,100,0.1,6998,0.5003337783711616,3512
3,pos,poly,100,1.0,6871,0.5333778371161548,3547
3,pos,poly,100,10.0,5959,0.6672229639519359,4213
3,pos,poly,100,100.0,4306,0.7950600801068091,4727
3,pos,poly,100,1000.0,3141,0.8444592790387183,15139
3,pos,poly,100,10000.0,2651,0.852803738317757,31842
2s,word,linear,5000,0.1,4060,0.8734979973297731,5446
2s,word,linear,5000,1.0,2635,0.8825100133511349,18309
2s,word,linear,5000,10.0,2074,0.8681575433911882,28930
2s,word,linear,5000,100.0,1947,0.8628170894526035,38590
2s,word,linear,5000,1000.0,1932,0.8628170894526035,36538
2s,word,linear,5000,10000.0,1935,0.8628170894526035,84593
2s,word,rbf,5000,0.1,7000,0.5116822429906542,3500
2s,word,rbf,5000,1.0,7000,0.5116822429906542,3500
2s,word,rbf,5000,10.0,6501,0.671562082777036,3344
2s,word,rbf,5000,100.0,4798,0.842456608811749,3760
2s,word,rbf,5000,1000.0,3105,0.8811748998664887,11972
2s,word,rbf,5000,10000.0,2298,0.87283044058745,23723
2s,word,poly,5000,0.1,7000,0.4993324432576769,3500
2s,word,poly,5000,1.0,7000,0.4993324432576769,3500
2s,word,poly,5000,10.0,7000,0.4993324432576769,3500
2s,word,poly,5000,100.0,7000,0.4993324432576769,3500
2s,word,poly,5000,1000.0,7000,0.4993324432576769,3500
2s,word,poly,5000,10000.0,7000,0.4993324432576769,3500
1,word,linear,200,0.1,1635,0.9295727636849133,4990
1,word,linear,200,1.0,1226,0.9302403204272364,63749
1,word,linear,200,10.0,1102,0.9292389853137517,661337
1,word,linear,200,100.0,1079,0.9305740987983978,10000000
1,word,linear,200,1000.0,1068,0.9292389853137517,10000000
1,word,linear,200,10000.0,2938,0.8945260347129506,10000000
1,word,rbf,200,0.1,4653,0.8704939919893191,2436
1,word,rbf,200,1.0,2579,0.9098798397863819,1742
1,word,rbf,200,10.0,1642,0.9332443257676902,3779
1,word,rbf,200,100.0,1291,0.9322429906542056,18269
1,word,rbf,200,1000.0,1215,0.9289052069425902,91551
1,word,rbf,200,10000.0,1174,0.9132176234979973,324032
1,word,poly,200,0.1,7000,0.7787049399198932,3500
1,word,poly,200,1.0,6958,0.5310413885180241,3528
1,word,poly,200,10.0,6411,0.6128170894526035,3390
1,word,poly,200,100.0,5076,0.739652870493992,3973
1,word,poly,200,1000.0,3508,0.855807743658211,4310
1,word,poly,200,10000.0,2347,0.9018691588785047,10068
1,pos,linear,50,0.1,2710,0.8524699599465955,19671
1,pos,linear,50,1.0,2610,0.8548064085447263,210819
1,pos,linear,50,10.0,2595,0.8564753004005341,4131840
1,pos,linear,50,100.0,2588,0.8568090787716955,10000000
1,pos,linear,50,1000.0,2773,0.8554739652870494,10000000
1,pos,linear,50,10000.0,5656,0.5807743658210948,10000000
1,pos,rbf,50,0.1,3483,0.8361148197596796,2156
1,pos,rbf,50,1.0,2749,0.8674899866488651,3247
1,pos,rbf,50,10.0,2432,0.8701602136181575,14212
1,pos,rbf,50,100.0,2292,0.8504672897196262,83993
1,pos,rbf,50,1000.0,2132,0.8331108144192256,316455
1,pos,rbf,50,10000.0,1895,0.8177570093457944,966368
1,pos,poly,50,0.1,4273,0.770694259012016,13595
1,pos,poly,50,1.0,3648,0.8024032042723631,63847
1,pos,poly,50,10.0,3191,0.8334445927903872,535132
1,pos,poly,50,100.0,2701,0.8417890520694259,3378755
1,pos,poly,50,1000.0,2281,0.8377837116154874,10000000
1,pos,poly,50,10000.0,1910,0.8237650200267023,10000000
3,pos,linear,1000,0.1,1962,0.9202269692923899,8972
3,pos,linear,1000,1.0,1539,0.9168891855807744,68928
3,pos,linear,1000,10.0,1307,0.8968624833110814,850744
3,pos,linear,1000,100.0,1229,0.8871829105473965,10000000
3,pos,linear,1000,1000.0,1212,0.8805073431241656,10000000
3,pos,linear,1000,10000.0,2081,0.859479305740988,10000000
3,pos,rbf,1000,0.1,6722,0.7246328437917223,3383
3,pos,rbf,1000,1.0,4090,0.8734979973297731,2263
3,pos,rbf,1000,10.0,2537,0.907543391188251,3206
3,pos,rbf,1000,100.0,1817,0.9242323097463284,14248
3,pos,rbf,1000,1000.0,1584,0.9115487316421896,69274
3,pos,rbf,1000,10000.0,1601,0.8935246995994659,194410
3,pos,poly,1000,0.1,7000,0.5006675567423231,3500
3,pos,poly,1000,1.0,7000,0.5006675567423231,3500
3,pos,poly,1000,10.0,7000,0.5006675567423231,3500
3,pos,poly,1000,100.0,6999,0.5020026702269693,3525
3,pos,poly,1000,1000.0,6868,0.5370493991989319,3658
3,pos,poly,1000,10000.0,6064,0.6805740987983978,5941
